tier,config,blocks,threads,run,time_ms
SMALL,1xN,1,256,1,125.858589
SMALL,1xN,1,256,2,103.755455
SMALL,1xN,1,256,3,105.285629
SMALL,1xN,1,256,4,95.492096
SMALL,1xN,1,256,5,87.394913
SMALL,Nx1,256,1,1,76.910881
SMALL,Nx1,256,1,2,60.729343
SMALL,Nx1,256,1,3,59.472672
SMALL,Nx1,256,1,4,58.613857
SMALL,Nx1,256,1,5,58.147938
SMALL,NxN,256,256,1,6.799040
SMALL,NxN,256,256,2,6.860800
SMALL,NxN,256,256,3,6.918176
SMALL,NxN,256,256,4,6.938048
SMALL,NxN,256,256,5,6.773760
MEDIUM,1xN,1,256,1,809.619446
MEDIUM,1xN,1,256,2,665.372681
MEDIUM,1xN,1,256,3,658.630371
MEDIUM,1xN,1,256,4,657.199158
MEDIUM,1xN,1,256,5,665.604675
MEDIUM,Nx1,256,1,1,501.121185
MEDIUM,Nx1,256,1,2,500.223846
MEDIUM,Nx1,256,1,3,499.574493
MEDIUM,Nx1,256,1,4,503.326721
MEDIUM,Nx1,256,1,5,505.254059
MEDIUM,NxN,256,256,1,7.593024
MEDIUM,NxN,256,256,2,7.544096
MEDIUM,NxN,256,256,3,7.530432
MEDIUM,NxN,256,256,4,7.536640
MEDIUM,NxN,256,256,5,7.526368
LARGE,1xN,1,256,1,1831.664795
LARGE,1xN,1,256,2,1827.860229
LARGE,1xN,1,256,3,1829.410645
LARGE,1xN,1,256,4,1842.524170
LARGE,1xN,1,256,5,1832.054565
LARGE,Nx1,256,1,1,1394.639648
LARGE,Nx1,256,1,2,1408.126953
LARGE,Nx1,256,1,3,1385.156860
LARGE,Nx1,256,1,4,1385.452393
LARGE,Nx1,256,1,5,1385.183594
LARGE,NxN,256,256,1,20.816223
LARGE,NxN,256,256,2,20.989408
LARGE,NxN,256,256,3,20.822016
LARGE,NxN,256,256,4,20.795391
LARGE,NxN,256,256,5,20.820320
