tier,variant,threads,run,time_ms
SMALL,seq,1,1,25.870817
SMALL,seq,1,2,25.829437
SMALL,seq,1,3,26.152669
SMALL,seq,1,4,25.969693
SMALL,seq,1,5,26.117478
SMALL,mpi,1,1,28.140015
SMALL,mpi,1,2,33.004839
SMALL,mpi,1,3,30.641516
SMALL,mpi,1,4,32.475459
SMALL,mpi,1,5,34.192232
SMALL,upc,1,1,37.219169
SMALL,upc,1,2,33.795067
SMALL,upc,1,3,31.065522
SMALL,upc,1,4,35.313511
SMALL,upc,1,5,34.099065
SMALL,mpi,2,1,15.855252
SMALL,mpi,2,2,16.927008
SMALL,mpi,2,3,16.430721
SMALL,mpi,2,4,15.374203
SMALL,mpi,2,5,16.635774
SMALL,upc,2,1,21.653775
SMALL,upc,2,2,21.251679
SMALL,upc,2,3,22.266796
SMALL,upc,2,4,22.530894
SMALL,upc,2,5,20.637021
SMALL,mpi,4,1,8.063759
SMALL,mpi,4,2,18.975242
SMALL,mpi,4,3,11.371947
SMALL,mpi,4,4,17.259609
SMALL,mpi,4,5,11.514175
SMALL,upc,4,1,16.880616
SMALL,upc,4,2,11.109074
SMALL,upc,4,3,13.579924
SMALL,upc,4,4,10.542572
SMALL,upc,4,5,15.180727
SMALL,mpi,8,1,12.869610
SMALL,mpi,8,2,26.970204
SMALL,mpi,8,3,9.408736
SMALL,mpi,8,4,12.059121
SMALL,mpi,8,5,32.368957
SMALL,upc,8,1,4.631002
SMALL,upc,8,2,4.917063
SMALL,upc,8,3,9.622993
SMALL,upc,8,4,4.464809
SMALL,upc,8,5,3.891137
SMALL,mpi,16,1,17.706929
SMALL,mpi,16,2,37.086175
SMALL,mpi,16,3,323.937129
SMALL,mpi,16,4,84.627300
SMALL,mpi,16,5,15.269154
SMALL,upc,16,1,4.421670
SMALL,upc,16,2,3.537890
SMALL,upc,16,3,5.090282
SMALL,upc,16,4,6.853900
SMALL,upc,16,5,3.781017
MEDIUM,seq,1,1,263.101041
MEDIUM,seq,1,2,270.959135
MEDIUM,seq,1,3,257.889055
MEDIUM,seq,1,4,263.108491
MEDIUM,seq,1,5,263.743034
MEDIUM,mpi,1,1,278.985721
MEDIUM,mpi,1,2,286.397740
MEDIUM,mpi,1,3,284.743401
MEDIUM,mpi,1,4,279.480618
MEDIUM,mpi,1,5,281.276012
MEDIUM,upc,1,1,285.487433
MEDIUM,upc,1,2,285.450825
MEDIUM,upc,1,3,285.668383
MEDIUM,upc,1,4,281.798823
MEDIUM,upc,1,5,284.825356
MEDIUM,mpi,2,1,160.206598
MEDIUM,mpi,2,2,153.620229
MEDIUM,mpi,2,3,149.544099
MEDIUM,mpi,2,4,148.082530
MEDIUM,mpi,2,5,147.968955
MEDIUM,upc,2,1,149.929901
MEDIUM,upc,2,2,144.041774
MEDIUM,upc,2,3,144.656955
MEDIUM,upc,2,4,142.798030
MEDIUM,upc,2,5,143.620559
MEDIUM,mpi,4,1,100.855537
MEDIUM,mpi,4,2,82.559208
MEDIUM,mpi,4,3,81.368327
MEDIUM,mpi,4,4,76.038368
MEDIUM,mpi,4,5,77.083458
MEDIUM,upc,4,1,71.989736
MEDIUM,upc,4,2,71.390359
MEDIUM,upc,4,3,71.844192
MEDIUM,upc,4,4,70.656687
MEDIUM,upc,4,5,68.540562
MEDIUM,mpi,8,1,113.751997
MEDIUM,mpi,8,2,107.609817
MEDIUM,mpi,8,3,137.464321
MEDIUM,mpi,8,4,124.616210
MEDIUM,mpi,8,5,173.517170
MEDIUM,upc,8,1,40.304495
MEDIUM,upc,8,2,39.553529
MEDIUM,upc,8,3,67.532520
MEDIUM,upc,8,4,69.120874
MEDIUM,upc,8,5,65.374890
MEDIUM,mpi,16,1,382.661686
MEDIUM,mpi,16,2,320.070009
MEDIUM,mpi,16,3,249.836138
MEDIUM,mpi,16,4,295.969667
MEDIUM,mpi,16,5,106.335822
MEDIUM,upc,16,1,40.677293
MEDIUM,upc,16,2,38.100412
MEDIUM,upc,16,3,48.239813
MEDIUM,upc,16,4,37.367319
MEDIUM,upc,16,5,50.165475
LARGE,seq,1,1,710.775712
LARGE,seq,1,2,714.513675
LARGE,seq,1,3,712.597860
LARGE,seq,1,4,714.576660
LARGE,seq,1,5,714.872571
LARGE,mpi,1,1,773.192438
LARGE,mpi,1,2,772.823197
LARGE,mpi,1,3,770.349589
LARGE,mpi,1,4,771.129430
LARGE,mpi,1,5,762.261443
LARGE,upc,1,1,772.331409
LARGE,upc,1,2,791.611670
LARGE,upc,1,3,791.904217
LARGE,upc,1,4,802.446051
LARGE,upc,1,5,787.256310
LARGE,mpi,2,1,421.369045
LARGE,mpi,2,2,445.870639
LARGE,mpi,2,3,456.979298
LARGE,mpi,2,4,464.922629
LARGE,mpi,2,5,419.911268
LARGE,upc,2,1,395.706464
LARGE,upc,2,2,398.963680
LARGE,upc,2,3,391.264804
LARGE,upc,2,4,397.027963
LARGE,upc,2,5,395.053189
LARGE,mpi,4,1,223.275634
LARGE,mpi,4,2,226.523915
LARGE,mpi,4,3,228.174374
LARGE,mpi,4,4,227.282391
LARGE,mpi,4,5,225.610766
LARGE,upc,4,1,206.123767
LARGE,upc,4,2,207.179293
LARGE,upc,4,3,200.282273
LARGE,upc,4,4,196.305503
LARGE,upc,4,5,201.748113
LARGE,mpi,8,1,324.562174
LARGE,mpi,8,2,309.486227
LARGE,mpi,8,3,315.337939
LARGE,mpi,8,4,331.546004
LARGE,mpi,8,5,316.838693
LARGE,upc,8,1,149.759073
LARGE,upc,8,2,166.227841
LARGE,upc,8,3,114.555500
LARGE,upc,8,4,153.464887
LARGE,upc,8,5,153.344469
LARGE,mpi,16,1,909.877512
LARGE,mpi,16,2,257.183217
LARGE,mpi,16,3,344.522633
LARGE,mpi,16,4,255.861125
LARGE,mpi,16,5,361.275008
LARGE,upc,16,1,105.906415
LARGE,upc,16,2,118.880815
LARGE,upc,16,3,152.547669
LARGE,upc,16,4,110.965464
LARGE,upc,16,5,109.718870
