size,config,blocks,threads,run,h2d_ms,kernel_ms,d2h_ms,total_ms
2000,1xN,1,256,1,0.128,42.877,10.294,53.299
2000,1xN,1,256,2,0.109,44.442,11.024,55.574
2000,1xN,1,256,3,0.119,39.472,10.105,49.695
2000,1xN,1,256,4,0.102,41.104,10.572,51.778
2000,1xN,1,256,5,0.102,38.920,10.512,49.535
2000,Nx1,256,1,1,0.146,34.581,10.732,45.460
2000,Nx1,256,1,2,0.102,34.268,11.262,45.632
2000,Nx1,256,1,3,0.101,34.636,10.089,44.827
2000,Nx1,256,1,4,0.114,34.775,10.423,45.313
2000,Nx1,256,1,5,0.101,35.836,10.407,46.343
2000,NxN,256,256,1,0.102,32.848,10.311,43.262
2000,NxN,256,256,2,0.104,32.555,11.378,44.037
2000,NxN,256,256,3,0.103,32.293,10.900,43.296
2000,NxN,256,256,4,0.110,36.337,12.244,48.692
2000,NxN,256,256,5,0.103,32.794,10.858,43.755
5000,1xN,1,256,1,0.467,131.833,76.051,208.351
5000,1xN,1,256,2,0.474,145.139,75.192,220.806
5000,1xN,1,256,3,0.475,143.228,75.886,219.588
5000,1xN,1,256,4,0.470,145.805,77.062,223.337
5000,1xN,1,256,5,0.473,145.741,77.055,223.269
5000,Nx1,256,1,1,0.476,124.695,67.060,192.231
5000,Nx1,256,1,2,0.463,107.346,63.614,171.423
5000,Nx1,256,1,3,0.461,110.909,66.196,177.566
5000,Nx1,256,1,4,0.474,112.013,64.595,177.082
5000,Nx1,256,1,5,0.468,112.173,65.813,178.455
5000,NxN,256,256,1,0.462,83.708,65.722,149.892
5000,NxN,256,256,2,0.461,85.545,66.701,152.707
5000,NxN,256,256,3,0.469,92.060,65.306,157.835
5000,NxN,256,256,4,0.476,94.531,64.820,159.827
5000,NxN,256,256,5,0.465,96.688,64.128,161.281
10000,1xN,1,256,1,1.763,417.843,260.866,680.472
10000,1xN,1,256,2,1.775,391.700,265.491,658.967
10000,1xN,1,256,3,1.761,385.887,266.740,654.388
10000,1xN,1,256,4,1.760,390.464,274.896,667.120
10000,1xN,1,256,5,1.759,387.159,259.939,648.858
10000,Nx1,256,1,1,1.759,289.435,258.727,549.921
10000,Nx1,256,1,2,1.763,287.513,265.187,554.463
10000,Nx1,256,1,3,1.781,318.789,316.104,636.674
10000,Nx1,256,1,4,1.765,312.685,337.113,651.563
10000,Nx1,256,1,5,1.786,314.728,268.751,585.266
10000,NxN,256,256,1,1.761,172.248,268.673,442.681
10000,NxN,256,256,2,1.762,176.839,264.749,443.350
10000,NxN,256,256,3,1.757,172.279,269.025,443.062
10000,NxN,256,256,4,1.764,170.359,262.419,434.541
10000,NxN,256,256,5,1.760,170.647,265.926,438.334
