size,variant,threads,run,time_ms
2000,seq,1,1,4.842
2000,seq,1,2,5.234
2000,seq,1,3,4.858
2000,seq,1,4,5.231
2000,seq,1,5,5.076
2000,mpi,1,1,33.065
2000,mpi,1,2,29.16
2000,mpi,1,3,29.65
2000,mpi,1,4,28.375
2000,mpi,1,5,28.362
2000,upc,1,1,30.29
2000,upc,1,2,29.935
2000,upc,1,3,29.11
2000,upc,1,4,30.301
2000,upc,1,5,30.752
2000,mpi,2,1,37.805
2000,mpi,2,2,36.547
2000,mpi,2,3,36.357
2000,mpi,2,4,36.251
2000,mpi,2,5,36.086
2000,upc,2,1,90.374
2000,upc,2,2,84.313
2000,upc,2,3,106.181
2000,upc,2,4,104.742
2000,upc,2,5,109.107
2000,mpi,4,1,65.669
2000,mpi,4,2,64.22
2000,mpi,4,3,61.479
2000,mpi,4,4,71.956
2000,mpi,4,5,60.81
2000,upc,4,1,80.111
2000,upc,4,2,80.049
2000,upc,4,3,76.029
2000,upc,4,4,86.973
2000,upc,4,5,73.008
2000,mpi,8,1,189.869
2000,mpi,8,2,202.026
2000,mpi,8,3,137.038
2000,mpi,8,4,169.327
2000,mpi,8,5,174.331
2000,upc,8,1,67.061
2000,upc,8,2,46.814
2000,upc,8,3,166.523
2000,upc,8,4,158.821
2000,upc,8,5,127.487
2000,mpi,16,1,340.765
2000,mpi,16,2,354.001
2000,mpi,16,3,310.945
2000,mpi,16,4,688.139
2000,mpi,16,5,306.407
2000,upc,16,1,59.524
2000,upc,16,2,61.561
2000,upc,16,3,58.778
2000,upc,16,4,58.638
2000,upc,16,5,68.962
5000,seq,1,1,31.018
5000,seq,1,2,30.603
5000,seq,1,3,32.405
5000,seq,1,4,30.178
5000,seq,1,5,32.852
5000,mpi,1,1,215.913
5000,mpi,1,2,201.58
5000,mpi,1,3,198.264
5000,mpi,1,4,199.913
5000,mpi,1,5,217.334
5000,upc,1,1,200.043
5000,upc,1,2,189.687
5000,upc,1,3,187.752
5000,upc,1,4,192.358
5000,upc,1,5,197.883
5000,mpi,2,1,270.339
5000,mpi,2,2,264.149
5000,mpi,2,3,267.526
5000,mpi,2,4,316.153
5000,mpi,2,5,272.621
5000,upc,2,1,539.396
5000,upc,2,2,537.924
5000,upc,2,3,528.31
5000,upc,2,4,560.758
5000,upc,2,5,581.214
5000,mpi,4,1,414.742
5000,mpi,4,2,350.368
5000,mpi,4,3,360.518
5000,mpi,4,4,347.303
5000,mpi,4,5,355.389
5000,upc,4,1,561.093
5000,upc,4,2,414.022
5000,upc,4,3,400.319
5000,upc,4,4,569.161
5000,upc,4,5,600.595
5000,mpi,8,1,899.39
5000,mpi,8,2,692.629
5000,mpi,8,3,619.886
5000,mpi,8,4,610.395
5000,mpi,8,5,652.653
5000,upc,8,1,311.578
5000,upc,8,2,328.583
5000,upc,8,3,318.056
5000,upc,8,4,334.082
5000,upc,8,5,321.053
5000,mpi,16,1,2389.29
5000,mpi,16,2,2798.56
5000,mpi,16,3,2474.51
5000,mpi,16,4,2066.53
5000,mpi,16,5,2532.81
5000,upc,16,1,385.202
5000,upc,16,2,2738.33
5000,upc,16,3,541.263
5000,upc,16,4,526.212
5000,upc,16,5,451.692
10000,seq,1,1,157.084
10000,seq,1,2,155.508
10000,seq,1,3,142.407
10000,seq,1,4,139.309
10000,seq,1,5,138.297
10000,mpi,1,1,1005.82
10000,mpi,1,2,1048.41
10000,mpi,1,3,1128.28
10000,mpi,1,4,1032.53
10000,mpi,1,5,1134.84
10000,upc,1,1,1121.27
10000,upc,1,2,1189.55
10000,upc,1,3,1131.72
10000,upc,1,4,1113.2
10000,upc,1,5,1101.56
10000,mpi,2,1,1328.64
10000,mpi,2,2,1282.46
10000,mpi,2,3,1120.77
10000,mpi,2,4,1316.94
10000,mpi,2,5,1173.54
10000,upc,2,1,1389.16
10000,upc,2,2,1541.77
10000,upc,2,3,1476.39
10000,upc,2,4,1458.49
10000,upc,2,5,1500.43
10000,mpi,4,1,1592.75
10000,mpi,4,2,1800.5
10000,mpi,4,3,1382.66
10000,mpi,4,4,1508.19
10000,mpi,4,5,1544.79
10000,upc,4,1,1865.31
10000,upc,4,2,2203.93
10000,upc,4,3,1903.79
10000,upc,4,4,1986.04
10000,upc,4,5,2209.48
10000,mpi,8,1,7358.19
10000,mpi,8,2,7202.61
10000,mpi,8,3,6145.42
10000,mpi,8,4,5831.48
10000,mpi,8,5,5829.26
10000,upc,8,1,2387.47
10000,upc,8,2,2447.69
10000,upc,8,3,2745.7
10000,upc,8,4,2407.17
10000,upc,8,5,2397.77
10000,mpi,16,1,28654.2
10000,mpi,16,2,38452.6
10000,mpi,16,3,40498.4
10000,mpi,16,4,45839
10000,mpi,16,5,40026.8
10000,upc,16,1,8379.32
10000,upc,16,2,9433.14
10000,upc,16,3,4300.08
10000,upc,16,4,4573.23
10000,upc,16,5,4542.31
